user_global_idx,attenuation_db,seed_nmse_db,aug_nmse_db
6490,12.214393001473828,92.21562,96.67749
8609,0.0002613651549110952,2.9197457,5.7063847
9855,10.216245759443023,-3.514782,-7.4034734
8070,23.487390577422687,37.16125,41.649517
8577,0.00043601205713535813,3.7225852,6.779579
7973,14.803313030723746,27.955036,32.462803
1625,2.7724641153488443e-05,16.161882,20.591236
536,20.648686588953275,6.3064537,-0.47019723
8766,-3.2150089507032083e-09,2.2071834,4.90503
7970,14.945272451751448,32.360653,36.885162
4212,-4.2206780990901855e-10,22.68534,27.174854
6456,11.420502047893544,91.027084,95.50106
3507,2.5249275354270705e-10,34.2937,38.808517
8393,21.822767353062275,35.862003,40.370235
7112,0.41276704274728737,30.105848,34.61049
2708,33.563109372670425,62.320374,66.808426
5031,31.625620700401875,15.284911,17.43618
6514,38.67972728576231,91.61824,96.10277
4662,55.694457435180844,62.303665,66.800514
4021,10.923468742711018,37.58134,42.102066
1854,19.859604967558216,1.3858685,-1.9945337
9309,44.15977403812127,28.659163,30.991776
2872,11.088838556876386,7.9598784,11.8280735
3030,42.57492374279546,23.79829,21.074604
1645,-0.4717442115958314,14.436489,18.803228
3417,3.4207106043839903e-09,37.81342,42.304817
3476,-6.965776060470304e-10,35.57177,40.059242
9434,28.206333287597765,10.214403,10.175623
1792,32.793069706731494,18.843319,21.57415
3797,7.52520051332958,36.766037,41.282753
3368,7.895580463115923,48.317955,52.799362
7196,0.5019722515225289,26.757765,31.248348
9521,27.17155778579078,6.333145,3.9287565
5109,39.55013546334968,58.879196,63.427128
6024,50.31696077486267,108.94324,113.41577
8795,5.186886003688417e-10,1.8651628,4.492792
9179,21.947660434240277,11.90184,15.56046
126,25.709604924943363,52.494713,57.00734
5959,58.44255415252054,117.35794,121.83356
3876,7.687616585939061,36.19007,40.708176
4451,21.892463919342042,37.56413,42.103733
7147,0.4193192623614622,28.80096,33.284336
3531,1.9646918504872304e-10,33.427586,37.936848
827,-2.1953360802024247e-07,-11.403852,-13.148784
7790,7.281532055283153,19.614529,24.136364
984,10.131779608457155,-3.3915071,-2.742042
7783,7.739662073895972,20.189283,24.71115
2443,29.95133190345468,62.87236,67.36162
8554,0.0005581106769903177,4.5310087,7.932031
345,46.6080074528536,27.942362,27.064587
814,1.4657181512502074e-08,-8.057548,-7.9620714
6166,22.00012796359188,86.42302,90.91464
5779,24.69174274801223,64.60103,69.10609
2116,17.880466217536526,-0.0806775,-0.44090915
793,-1.4238864808880146e-07,-7.9959497,-8.032825
6898,28.976106009655282,68.02613,72.520645
2674,33.04356029546891,65.587585,70.10723
94,15.903288809847725,44.26826,48.784973
4225,1.8171912138499015e-09,21.177158,25.66788
3756,12.415891592639618,43.01191,47.530487
2891,15.470932181702427,10.833074,14.959512
2371,5.952368118012118,37.102657,41.595055
9313,47.43404855668386,31.321705,33.02097
3228,30.807021928788263,65.29247,69.78614
7863,2.5645164092027803,12.620564,16.964666
6359,65.23043964078398,128.66103,133.13351
9081,6.860741314130735,2.1514454,3.8285246
7326,0.6394941876616216,23.59583,28.083096
6028,72.3063292507561,131.11726,135.57674
1865,19.4973500248407,1.7841886,-1.4967098
4612,45.786435547613664,55.63936,60.14662
2645,26.6497362887348,59.394665,63.915554
2243,63.45032645453939,44.15673,39.807655
5373,19.025904088800488,55.646954,60.145927
2336,100.79333547634106,82.54044,81.50931
950,13.71440914306097,-2.8890386,-2.1563694
1120,0.012586172707076926,-2.303444,-2.6886556
2204,16.253740960358225,-1.6427451,-3.170314
419,32.10186301994851,14.6054535,14.470273
922,19.171183131144343,0.54114336,0.015157709
8669,0.00036449450984679514,3.2523534,6.2069564
5408,19.490834487384458,26.619776,31.103004
5788,33.30284108206469,71.69826,76.20041
5742,30.222432816522883,43.673588,48.203297
7667,19.04111274158785,33.01465,37.532852
5567,37.54366466815455,49.8328,54.386772
8135,13.783131850561999,27.547161,32.064346
1202,13.68362730110898,1.1664076,-9.489199
5765,32.84251439052948,55.841007,60.360214
8389,16.703417965820215,30.512291,35.03294
1970,45.449105388954266,26.957438,25.078218
4018,8.882424863737825,35.592934,40.11053
3687,15.81073111582143,44.105347,48.59439
1997,37.47655338862814,21.72903,9.948038
4033,12.352613527095045,38.84045,43.373276
1248,4.094230583373491,-12.134832,-13.81711
2192,10.121551369668849,-6.3170643,-6.348793
2712,25.52859423485109,57.687878,62.187305
2190,15.970846176507056,-1.5432572,-3.2453778
4670,38.6673519913493,44.174267,48.70172
5142,29.607495166137518,41.473022,45.976906
5984,27.329669785489767,92.52209,97.015
6565,39.291090773812634,73.0896,77.59893
7804,6.3966439601677205,18.331606,22.843517
6943,26.230383076416807,63.254738,67.78363
2136,-0.025401103225189806,-8.488968,-6.934514
1065,6.261710107265312,-4.198429,-4.1112413
600,21.57142724348672,5.2336855,5.976293
4227,-1.1296373026540985e-09,21.084383,25.516056
7577,7.93434095221985,24.58744,29.064098
77,22.265538308357623,6.149779,5.7372565
7546,8.371050288872983,24.957428,29.465761
2898,17.788230958689354,11.953063,16.148746
4820,30.886792250044188,11.860943,9.977911
9187,27.23378652876103,16.67441,20.511055
6413,36.88850071187902,116.07174,120.55358
8007,25.271730889744827,39.60657,44.12809
5468,26.362821986530875,41.718655,46.256977
5951,86.22384992921613,145.0479,149.51947
3391,11.34757962777341,50.852352,55.357002
5415,14.499966124615957,21.644772,26.117144
2560,29.81860832750904,63.66931,68.16055
8162,9.539893931252678,22.493286,26.959333
2635,27.08261263153327,59.910084,64.402374
5256,38.713215161655924,73.02792,77.559296
3530,-3.704167433648159e-09,33.463306,37.968758
8567,0.0004304562630596993,3.6964822,6.8776965
1908,25.05921211514645,5.185152,1.6538137
235,23.48455803096676,15.58642,19.830166
1604,0.25501817347565925,16.193117,20.663326
7984,10.950999343009082,26.055004,30.584982
3490,2.896411547165082e-09,34.962643,39.470535
1994,30.63465505742454,12.881771,5.2456
2824,9.476955377466414,7.084336,10.950766
9170,19.37756880680199,9.563803,13.253544
1342,10.055768368985717,-2.7821007,-2.861922
8512,0.00039037524192691865,3.8703127,7.058795
1619,-3.017026632130427e-07,16.488749,20.91976
5287,23.30833798812253,57.44278,61.95923
2060,38.853000799643006,29.05797,33.12566
9832,11.74300136341466,-1.1105063,-5.4590693
2219,26.124282882825426,5.218186,1.9694977
6038,52.22804021821405,111.44065,115.9225
260,27.195516450010594,7.7810707,6.0169144
9250,39.200380001726344,26.456753,30.035189
3744,15.690082735877,45.951447,50.466885
2026,33.81642549904932,15.786305,14.450197
6988,12.303213880457749,47.37314,51.84803
4234,-5.612241206256411e-11,20.734806,25.209267
1917,18.175714319058358,0.8968329,-1.8473601
1828,21.695697238198726,2.4574294,0.93163216
6233,6.803835378474689,62.681637,67.15186
9217,32.2734095143276,18.459108,21.724277
6283,70.19296805213709,132.19203,136.66992
4208,-2.7987459097114127e-09,22.769537,27.247898
224,39.78463552700817,32.306614,36.45566
8915,19.503641290573576,15.605483,19.944122
6469,8.336550322664781,88.07309,92.55994
9297,45.94258232164869,31.323814,34.21131
846,-3.203824701297704e-07,-11.255629,-13.190656
4289,-1.5633045256084968e-09,18.900114,23.39916
5560,30.58264369171699,43.792076,48.31991
2551,26.94885215523918,60.31328,64.80986
117,25.377677035093456,52.119427,56.64042
8837,1.3315450995649627e-08,1.3923295,3.932638
5966,28.708288857033864,93.99006,98.464775
8195,17.250366617341456,28.781643,33.282608
8659,0.00032826643635951755,3.3284628,6.3334494
7489,4.849439441541713,23.78834,28.29421
5,28.121127499473634,9.607409,8.967821
5342,29.193962574115417,55.485516,59.95833
4324,3.735443945348482e-09,18.74078,23.22983
1063,19.998784098201206,1.7695771,0.98942167
2590,24.606493814215074,57.62278,62.136795
8434,0.01159758464462159,15.036412,19.475376
3735,19.118676314360012,48.919823,53.44906
3517,-1.0971881655599945e-09,33.92893,38.430412
6986,7.632207002326259,42.71139,47.26635
6767,21.23720368287899,69.81796,74.29648
5622,35.17959918732841,46.116173,50.66735
1605,-0.08136817907374305,15.567961,19.986893
1733,2.511104859982861e-06,5.211261,8.27812
9226,23.383967278112596,10.237046,13.335989
3812,19.632591763507794,48.765884,53.270798
9504,43.781879740668586,24.226097,22.284168
1761,30.96050449875966,33.127804,37.62407
5401,13.613164841236642,20.206581,24.705236
2739,27.14017675811298,59.216133,63.716377
2472,27.920748321825947,60.482193,64.99497
6738,34.749416959996196,86.12809,90.6008
6891,41.30472646770829,80.70241,85.198814
7943,0.450982984808335,18.70667,23.178827
4206,-1.6056196970200262e-09,22.832005,27.324715
6371,89.90285656987908,153.47987,157.96524
232,15.460368293494602,4.6401362,7.2784305
8258,12.217502545477377,22.399143,26.920338
7561,4.8234181906788995,21.370066,25.884974
6168,34.0582497031106,98.50693,102.96577
3596,3.095539382906169e-09,31.607397,36.095444
6288,97.3305144023104,159.53653,164.0075
4632,55.256029585888776,62.13352,66.66449
125,30.576898873680438,57.822765,62.29334
7641,28.54645947370657,44.436592,48.965065
6229,6.775377415498611,62.661594,67.13213
1296,7.63785367833577,-8.125999,-9.061979
1976,33.64296937811452,15.576958,9.926909
9362,27.82768224169482,13.246821,15.829784
9319,26.138959801581123,10.209956,12.075937
5750,34.366467029438425,54.804115,59.30008
8152,20.912881458152263,33.926285,38.434795
3086,11.90657937129107,6.505086,10.109987
9161,26.65382563598608,16.20337,20.177135
6882,36.69989973815921,76.563156,81.06644
9190,19.383210065710482,7.93876,11.122356
7673,13.519080672944845,26.926077,31.446877
3345,13.023594163510666,54.143593,58.650974
8172,11.55890694697182,24.638489,29.152279
9305,53.706872578030584,38.31505,40.80379
5870,51.537244000957934,109.620346,114.1078
6506,35.018642858358334,85.68907,90.17785
2797,12.168560826193177,5.6807284,9.07583
918,14.47291944763625,-1.9730257,-3.5726233
1646,-0.9515833555897761,12.558451,16.91893
5122,48.36005163206643,67.93174,72.443054
5126,21.943305905296604,41.58924,46.091877
4621,53.196683022227504,61.963226,66.490074
6809,32.251252679139675,77.12855,81.58966
364,28.76151034460736,43.63006,48.122143
2125,20.10317703586984,1.9745821,1.355499
8150,19.114919040830635,32.48134,36.983055
8717,0.00033483419778274916,2.7301779,5.569701
55,43.206311925798815,22.999737,21.198425
638,22.0241206793333,2.4812517,1.259727
302,21.024724704682477,3.8047428,2.7428124
5811,22.66543195658723,68.375946,72.85921
1276,18.310570049663706,5.024169,-1.823092
4432,22.047335202242703,35.92197,40.43838
3644,18.265124533290813,48.965458,53.474007
4143,9.330141548837265,34.361397,38.84963
2878,10.255043366919407,6.902476,10.75079
6493,13.29785137115451,93.331604,97.79266
5240,34.14744510121187,68.53581,73.07319
9292,42.5946376736121,28.133385,30.809603
6937,16.316095947011306,53.620422,58.124153
7240,0.4848946314115557,25.592522,30.077274
2593,46.15853205199147,79.21633,83.67598
2393,5.316676687820047,36.474274,40.967068
523,22.274023864769795,9.066913,1.4331197
6376,92.88905237917136,157.44398,161.9097
6981,11.55686050724443,46.932888,51.426468
6677,37.82905282013623,94.68337,99.1714
3900,20.613360736458787,48.83459,53.35304
9514,45.16397189254123,23.32684,20.761698
5585,15.860770420907146,28.862736,33.3481
9245,64.08500750965166,50.39225,53.756832
7956,11.088108252529114,25.509724,30.033302
7570,7.090496431603328,23.671879,28.188126
6777,30.196360333685334,77.8666,82.34405
671,16.1690797274194,0.7220501,0.79714787
4188,3.27526687868068e-09,21.951565,26.432865
666,18.718787879801493,2.1913524,1.5290861
3266,42.297374046983826,79.69659,84.18477
1887,12.77118779266496,-3.2284906,-5.10633
8472,0.007614722463813672,11.698632,15.996731
9091,5.040791890246106,2.0455637,3.7695267
7687,17.296807519885622,30.706306,35.198647
6031,55.22473240896857,114.12718,118.62399
6090,2.08137175968335,56.842213,61.32808
6238,82.96873955818454,143.1399,147.63446
7350,15.267613505900927,37.05892,41.603943
7830,6.324130973141905,17.7512,22.23077
760,-0.004996546018678667,-3.6444619,-2.2929142
6254,99.58805708550457,160.42996,164.91348
1906,37.99079833707131,16.594542,13.809194
3818,28.51828064840983,57.628136,62.10063
6269,79.31792777047077,140.76736,145.25337
4300,2.1268145841565323e-10,20.052116,24.531883
5569,35.22836401777278,47.39407,51.926937
7941,2.607120628917584,17.550266,22.007742
4164,9.512598810496183,32.54975,37.07468
5971,40.760671801745175,105.996544,110.48982
3579,-8.928167990353335e-10,32.00704,36.51283
2832,15.333289026334446,8.517651,12.308536
5449,18.9462381863284,46.70622,51.23058
3472,-1.8088546036584238e-09,35.72663,40.24282
6327,94.9152477730567,158.09613,162.56714
137,24.49118037044734,39.852673,44.38026
7043,0.31832912866222535,32.539185,37.072018
4892,29.324708420123436,15.563517,18.554369
2180,7.386206299629523,-5.414193,-4.986655
7730,24.458749117650914,37.880486,42.420532
3177,37.783844143282856,70.78071,75.30837
4854,23.90476519435937,7.9799085,9.722659
4637,39.498053238367,46.36597,50.892616
5115,29.53241073367646,48.987297,53.50495
7648,26.834609262285724,41.486458,45.984226
4261,-7.5162865030307e-10,21.552845,26.08095
1331,9.693796337281125,-1.4478219,-3.389703
7002,2.3060776538844852e-08,34.398563,38.89442
6941,28.00985316819461,65.1557,69.63885
8017,10.640638608332127,23.592356,28.108442
6241,90.18994626099786,150.50693,154.9866
9864,9.94273601178072,-1.7796844,-7.205447
6881,30.25883969015193,70.193634,74.680275
4530,21.252614903134585,33.40467,37.9179
4673,39.55464397396008,45.045208,49.55792
6996,-4.9131245287886265e-09,34.6519,39.171017
1252,2.0202178571693903,-14.156681,-13.390594
3374,14.511808625633101,54.937782,59.42766
2814,15.202160172559703,10.887571,15.038467
4719,46.89605488548661,52.00054,56.501995
6544,39.48940575783156,81.59024,86.074005
4858,27.984185475295178,12.205376,14.272617
7901,1.88557410869337,19.442225,23.909094
8580,0.0003650511436140637,3.2961118,6.181908
8427,15.672783905460722,30.973703,35.502342
1077,22.832902990545993,3.2636354,3.3323545
4363,3.3481276046880206e-09,18.39036,22.883947
770,-2.1244785302517993e-05,-2.2693162,-2.588149
8865,-3.447933921313412e-08,0.92286235,3.5669825
249,43.31079593008248,23.529272,21.098259
7239,0.4841412421491658,25.60952,30.080036
3419,-7.769610506901497e-10,37.638977,42.144592
4976,20.797781695506124,11.507004,15.396105
4544,43.58993295494222,55.171696,59.70928
5565,26.886774999936364,39.41773,43.95529
7939,2.083767733805959,17.665243,22.142694
716,22.146181239576617,1.9366791,0.6560905
9532,24.42576173719102,3.8415813,4.7339773
2048,35.687720929094155,29.772385,34.110626
5997,70.11587476344054,127.574524,132.05554
6600,41.765036248782664,94.60365,99.09443
7245,0.4897895341484498,25.496002,30.003494
4178,1.2156825955273098,23.032495,27.544529
4809,29.157864523427854,10.666868,9.033589
9364,17.707181766179342,45.620403,50.144
7140,0.40810222151643205,29.086704,33.57752
7190,0.5129030532435599,26.971666,31.483553
1460,12.217434567953502,13.27149,17.61587
5989,38.71074972284894,103.911545,108.37561
2000,12.776095523399908,-1.9683952,-6.034281
8175,16.8888899137014,29.892925,34.39723
404,23.51497057548684,19.495142,23.90532
384,21.31744272526635,29.777752,34.288544
9572,34.401595311527075,12.100545,10.06646
9369,21.89850471223826,49.569168,54.09778
1633,0.31563603059865863,16.749718,21.173027
9437,35.086288074961104,18.373167,17.302216
4784,28.80054760862972,12.919675,14.907509
9338,41.25631649438489,24.65089,26.382404
6970,9.449288984581166,45.298973,49.818253
3925,45.82724099855067,33.0131,36.445084
4158,6.207497896485203,29.933607,34.452835
7449,7.522285057796264,27.714842,32.21082
8415,8.157392413425345,23.479872,27.967152
2193,22.10948737349461,1.0155675,-0.78446954
1015,20.68446998065741,1.6308452,1.2035195
5124,37.98965299702751,57.550667,62.09122
7418,20.639390346241715,40.785614,45.3189
7409,21.535871096815825,41.808037,46.32822
8989,27.236138803487457,20.146887,24.387407
2871,22.209889886473484,18.356354,22.73752
9,21.26674277878502,4.223216,3.7000852
1838,55.63428270235765,34.27989,32.11255
4804,36.52765379453963,17.245033,15.997538
255,28.927304495525078,9.128521,7.1307683
7026,-7.568504359125274e-09,33.312252,37.792088
5713,31.293602670504516,44.758232,49.288364
3324,17.53008859324799,59.580997,64.04471
7714,18.404803989452173,31.138151,35.607494
1581,2.2833999311193236,17.473644,21.974552
924,17.35173128570629,-0.49215418,-0.4767823
2779,20.347085884840162,8.594873,11.994049
7891,2.1560917791768968,19.148258,23.63415
6132,2.072946341818107,57.955673,62.427753
5320,12.167394797070443,14.217375,18.627838
7312,0.571096058460177,24.238514,28.716873
7102,0.32447605766204973,30.438337,34.965908
6042,57.82545948438344,117.19466,121.67365
3775,7.726264421659286,37.82569,42.325104
4835,34.63006721162148,14.878369,14.316522
4964,28.931776974620625,18.190397,22.103464
539,40.11656330928901,24.853935,12.290019
7483,6.709322910380845,25.99878,30.51701
2745,26.67733954336319,58.708313,63.20771
3719,10.287502245380459,39.323204,43.87486
6819,19.796128870161688,63.839947,68.33172
4468,23.30485861112073,36.236675,40.770393
667,14.185727906968477,0.06442113,-0.25567776
7575,8.03420306049344,24.58879,29.090313
8549,0.0004868246911555853,4.082672,7.443128
5063,33.838407318263314,21.544865,25.019339
1353,9.945216905750403,-3.0617723,-9.356129
7114,0.43800001744295486,30.047285,34.554237
9651,32.60609955152441,9.929749,9.798307
8662,0.00036662249572467955,3.3097115,6.340211
2703,32.305658803565734,64.645485,69.1557
3330,15.027462355489227,56.755062,61.256176
8053,9.750168535884702,20.497454,24.97124
3584,-1.647695715220172e-09,31.860857,36.37588
9325,36.77610612073008,20.43339,22.201595
5645,29.864868393802332,40.88743,45.450916
3376,10.901849852196314,51.211823,55.70743
1256,6.924615463137725,-4.9024343,-9.176399
6190,26.526907166391133,90.8765,95.34917
5348,40.71425663926053,75.009636,79.50107
4175,6.907034531375174,28.877066,33.406715
4910,18.603942340077676,6.1530137,9.359384
1852,25.659525807879994,6.456087,1.6590966
6316,95.69930047510195,158.77696,163.2662
9732,26.54211371990247,5.084143,3.6956353
2105,17.82233610457444,0.051376253,-1.0777395
133,27.01678063490837,41.932377,46.46032
5029,28.03647186485442,11.867547,14.05651
928,21.79629562719429,1.4985691,0.55280715
823,2.4952971619901173e-07,-11.39533,-13.483786
7576,7.735766502019362,24.296343,28.81488
1531,10.511970237278314,25.004835,29.510376
1214,11.877932952176877,-0.11066267,-2.4240737
504,35.379957123734535,21.066051,10.446858
6530,30.203060897897007,71.352585,75.856026
3072,28.405565716987624,22.176823,26.544971
9086,6.104144669395318,2.097173,3.7572198
8647,0.0003771675087157482,3.5380154,6.582532
6619,33.811009242762026,86.25101,90.75883
9273,55.005347206350734,40.51764,43.606155
3709,6.024030766947794,34.728645,39.238476
4849,32.376921707879475,16.37026,17.635113
4748,45.970871040450554,48.86725,53.411797
4268,3.764734429260857e-10,20.944519,25.447968
9755,22.109188132232465,2.7100646,2.0068016
8905,16.235860564561726,12.592935,16.922426
4186,1.128027839819011e-09,21.859064,26.349022
5301,12.964814362572866,14.012445,18.43916
2923,22.10073983785533,12.6219845,16.48648
6588,24.68885300418503,83.421394,87.88397
1810,35.566680245880214,14.834914,11.649832
3486,2.7550247470934314e-09,35.12505,39.64076
7419,23.926730570786706,44.10748,48.60736
3141,0.3760059601029069,-1.2695282,0.04088026
1324,16.92008280128173,4.2371755,-2.591964
4312,-3.1783090581178427e-09,19.69505,24.195095
7494,7.568644870558053,26.33034,30.815084
8702,0.00031450931661988117,2.8893993,5.799885
8691,0.00034131085149175454,3.0233238,5.9234877
9385,26.328221721612547,53.352207,57.86261
5541,16.36204417696893,28.790241,33.298172
6172,29.84828228565715,94.27773,98.74217
1540,-1.0915543195661634,15.403589,19.831253
2681,27.476721629265178,59.972042,64.48861
9759,11.147240046953971,-5.554445,-0.90905523
6313,99.40423652204309,162.45805,166.92532
1191,21.72558092803385,9.047707,-0.28277633
5293,25.489884302461302,59.592323,64.102425
1542,1.378490998231311,14.045101,18.456112
7056,0.3934745997774283,32.03465,36.548378
2539,31.781204114151254,64.92113,69.434265
953,6.988949818941603,-7.467972,-6.828656
7241,0.48590062102756454,25.556982,30.048832
6731,16.568843892476263,68.49746,72.975655
4846,27.984273752548635,10.253637,10.242683
6801,27.983816790017855,73.51174,77.9944
8010,21.53579330136569,36.106888,40.61255
4330,-3.508337115378972e-09,19.153566,23.65886
8924,30.391430235023854,26.22124,30.614895
5334,20.416387297320874,23.046192,27.515219
7330,19.806786688844312,42.56505,47.069187
9348,33.286994637947835,16.761768,18.278717
4729,39.9299944656951,44.77939,49.327835
6541,50.06351752773326,91.68861,96.195595
5305,15.531835478088556,16.80078,21.234768
5161,14.42482307729353,26.161701,30.686413
7860,6.681155001841871,17.695745,22.187916
2156,16.573384909554182,-1.108845,-2.1196136
1062,8.578920457944873,-3.299037,-3.1064618
1167,10.727449188390457,-2.6002502,-8.095872
3636,9.240479338109164,40.061584,44.575447
7651,28.802342400849952,44.39474,48.919876
5588,22.091849481909065,34.839996,39.34177
7192,0.5095520206916144,26.909203,31.402739
4491,9.5990093879719,23.746958,28.283875
7266,0.5647714462122532,25.283375,29.747452
4980,17.910314934863443,9.39616,13.145004
8335,20.014996993713424,32.969604,37.472794
9829,13.646087090537192,0.697186,-1.9721398
4946,26.45669626059606,15.958418,19.866104
2782,18.135263243262898,7.1191125,10.2537
717,18.767703003443966,0.5019255,-0.57094735
2502,29.859192397931036,62.867348,67.36095
4360,-1.939181532164405e-09,18.494799,23.001926
4171,9.658521953037557,31.975037,36.466286
8082,19.98760670720715,33.3165,37.857513
9638,44.66381729726061,20.815,20.1379
395,30.29089864185206,32.807,37.31488
7186,0.5209250364843097,27.130253,31.644073
9700,40.00131576441456,16.76413,13.61575
4492,10.432806420172259,24.6829,29.157026
1365,13.946160643962104,1.1508151,-6.4634733
9408,19.924992024532795,5.1859164,6.4826994
8787,2.2796788092808504e-09,2.0256763,4.6125154
5917,63.034218792658514,121.498566,125.963455
4968,16.047013947204732,6.526532,9.88875
2914,15.383219911898413,8.009576,11.791825
5644,34.78002388652479,45.91097,50.434578
3766,15.7263311056048,46.235012,50.768223
3440,-1.6342717947169448e-09,37.16944,41.68052
7357,17.727255387789832,39.170776,43.696053
6806,20.307037690287046,65.39798,69.894
2143,11.2160451911262,-5.2465386,-4.4353185
5104,24.712617384490482,12.261342,15.586592
5073,25.565344827232842,12.59696,15.919839
1571,2.6679180526785458,16.24649,20.67994
4079,13.04447887415998,38.913418,43.41913
1122,0.009896631544879997,-2.298121,-2.673359
2786,22.998394889080632,12.4328375,16.062534
2967,11.88977906081595,1.3403606,3.2438157
2504,21.016554589118293,53.862324,58.36138
5988,17.975170565880237,83.16216,87.62871
8867,1.024728984106635e-08,0.92193335,3.570056
7164,0.5209522934119368,28.096226,32.57183
728,-0.002036931313698527,-8.104487,-8.214009
7587,5.151127235178956,21.829987,26.313465
7543,8.495021985666131,25.140938,29.65382
412,35.5078288787313,24.093779,27.728184
5745,37.337218572239024,57.189144,61.709
7668,24.48120443873853,37.832123,42.332146
825,1.9899961241063066e-07,-11.398315,-13.2500305
3267,18.776072133770164,56.179005,60.694443
3974,42.315156078096706,24.85411,26.174145
8808,-1.8132668839834785e-09,1.7231054,4.3162384
8306,22.672445060139204,37.469757,41.968872
417,26.25916114478982,9.63436,11.169064
6748,36.70262066917673,87.051384,91.52264
8967,29.095951891993135,22.398384,26.665688
2082,19.65800632786973,4.5873995,3.7640598
8945,27.811180506819326,21.525194,25.839348
3373,10.465596253078473,50.953613,55.425926
5726,32.94184382731875,45.631332,50.17269
4107,21.496612252249516,46.96255,51.491837
4380,19.476532934924204,35.49641,40.047493
7723,25.88078793297499,38.90722,43.4301
1066,16.338703766501776,0.5074676,0.45521724
3913,18.387663540817048,46.436226,50.98686
5536,15.800851408368414,29.131834,33.65655
8002,14.469867781760378,31.654482,36.195496
5387,22.32035115217512,28.303677,32.786083
5732,40.623497208124,54.578415,59.150562
2738,36.677334779995746,68.73199,73.26575
5052,38.69905933775787,27.63615,31.408232
4000,22.637578724573977,49.585114,54.09871
2427,29.015297848744947,61.84603,66.337746
6833,24.05397630001866,67.01213,71.512535
1687,2.095118009187456e-06,8.926317,12.944134
851,-2.1386523841555984e-08,-11.3971615,-13.539434
6303,76.40703756741485,139.13983,143.6165
9087,5.687094184770009,2.1470764,3.7732384
5878,0.0017235826339965631,56.090477,60.58818
8527,0.00038054247282232897,3.759922,6.8291516
2839,20.83188957431519,17.916725,22.371523
4611,54.169870814018765,63.92881,68.44393
9207,23.485236983722938,10.834518,14.05026
2489,39.391966218519585,71.85235,76.36329
6905,16.541854728040907,55.26768,59.756096
7390,23.075448790423376,43.59289,48.10066
2849,9.668377384356203,7.508988,11.465081
6665,37.33506412822566,95.49661,99.968956
5881,0.0016836252855759115,56.11686,60.605663
4452,11.096660312904243,26.777678,31.283884
7421,17.521362908695405,37.756676,42.235676
6484,7.829761009183882,87.75917,92.22535
2479,31.196365576411033,63.369354,67.875946
6617,27.332820840678668,81.093735,85.58212
2141,21.09787890152679,1.3774505,0.51358736
5188,28.13702330164474,39.4264,43.96837
9584,26.34813107240232,5.936101,3.121865
2744,38.04455951529409,70.0801,74.59146
7253,0.5089696789627102,25.401667,29.899124
3506,-1.6584711103355402e-09,34.354946,38.84293
1679,0.009544107829954166,9.497619,13.634993
4249,2.5697369391285386e-09,21.237034,25.748287
3147,0.17235670617678114,-1.2237996,0.04060381
8130,17.59034150415519,31.168655,35.724243
7004,-9.534357263797515e-09,34.267548,38.799747
580,31.70593526791214,19.167803,22.640326
4070,18.78487433342706,44.779552,49.27853
3343,7.131968086480138,48.337692,52.81803
7404,15.067538625908046,35.33658,39.84368
3672,10.528190506746975,38.773113,43.295937
559,36.90239067321099,15.852663,11.758939
5237,21.583686718299692,19.431461,23.859636
7805,7.680444260860809,19.85579,24.378448
512,30.039995148830435,16.2667,4.45899
1081,20.68592156868452,2.6241267,1.840434
1664,0.0698068027097763,9.955398,14.125904
9204,20.951392179874073,10.149664,13.471275
1931,28.71842541321158,10.308102,2.2543244
9546,38.487610412561544,15.315175,13.790033
1150,0.18455231261282906,-1.3245065,-1.627891
2838,22.31000378825762,19.40527,23.842354
5949,71.52458461372716,130.32652,134.79742
8308,21.4937607201448,36.165405,40.70472
8932,27.359710048714348,21.240446,25.54453
5177,35.84662809554438,47.93217,52.433197
830,-2.0224972588037032e-07,-11.304949,-13.272438
8311,17.20513063928577,31.718678,36.227043
4752,55.71592615659039,59.074356,63.565975
9601,26.839622335424313,5.592916,4.031316
635,15.674691592862066,-0.030274596,-0.8637731
4465,10.85574430961218,24.334671,28.83024
6799,22.590198817245685,68.27972,72.77719
7987,20.720941431882732,35.134712,39.668423
7079,0.37244072334370876,31.220432,35.716583
6966,10.931574953749552,46.99373,51.482796
4142,7.0102954508591875,32.00505,36.532578
7027,6.132038778877421e-09,33.266678,37.74399
9183,25.019345536283943,12.836634,16.156258
876,-5.320278947782821e-08,-11.28132,-13.525481
4869,35.26154898499147,20.537487,23.279118
5315,18.694083430802007,20.244467,24.730549
5222,20.752265273235984,17.950596,22.372547
4,22.109386491447594,5.1223445,4.4909368
3051,24.081365498539494,12.790256,16.361961
5691,28.893961518343257,41.74131,46.273922
3124,11.122619379220941,8.9705715,13.101507
2491,28.293663131264854,60.935368,65.42601
3854,16.650010610868897,45.37495,49.90403
4777,30.944028142565777,15.849394,17.886395
7509,4.998791254412173,22.995213,27.477596
6457,6.1166206743345795,85.73432,90.20198
6293,76.96049849347524,139.33917,143.80235
1148,0.06134277295463819,-1.3482292,-1.6539569
574,37.269011976602926,21.618084,23.51765
3769,17.515658577801226,47.917664,52.44606
4146,22.656611103531404,47.619774,52.119965
853,-1.656215548390411e-09,-11.397414,-13.54289
5919,57.50151585403793,115.972435,120.45081
9358,46.93374321707917,32.30584,35.07324
6614,40.918490620976414,92.26001,96.74864
6002,64.66360076793936,122.34314,126.82208
9163,15.96687996230826,5.79705,8.6421795
4495,13.051065458636701,27.28788,31.783688
8173,7.06084417815377,19.654613,24.147741
6655,44.0327864622811,103.30986,107.792465
2368,5.939514729637805,37.07445,41.590443
4780,34.63455150257127,19.36794,21.455996
7992,17.986642200096842,33.775475,38.310276
2950,19.432892112257257,2.950714,2.1097527
5625,23.50925269311174,34.48748,39.003426
6971,10.462262410718761,46.30313,50.78798
8716,0.0003431571643918445,2.7539637,5.5746384
1841,30.2328931102547,10.265158,5.8625693
5986,39.27076571974387,104.45546,108.93782
537,40.0657959713861,25.018444,12.972583
2806,8.570296796856665,4.9021916,8.246135
5801,28.383587100477982,65.7789,70.32377
5596,40.07910623253734,51.71105,56.250305
7206,0.4867724338087242,26.390453,30.915777
7343,12.856890639070464,35.01944,39.57145
7560,5.046855901190285,21.611618,26.109955
8096,7.026685463830436,21.289003,25.811766
784,22.24754853205619,4.2630167,3.1324081
1409,18.901418443792135,0.26990044,0.6095517
154,42.99697769860871,68.266785,72.792404
7806,7.4235015810606715,20.359486,24.87012
3009,20.363249513976385,6.212697,8.723597
1686,2.4146505921638868e-06,9.250872,13.268176
4014,18.289082950150647,45.051575,49.562447
7455,6.946752305089965,27.102127,31.642035
3863,15.240542470497259,43.85124,48.380684
2733,36.76684499490755,68.87664,73.37563
1895,37.45996639897398,15.370016,11.382875
5442,12.133535914231189,45.6416,50.124275
569,40.58794421604414,22.353266,21.617153
6709,32.317747124815654,86.27361,90.7378
5854,2.9714538071552377,53.81469,58.309944
1816,27.20146411348508,6.332053,3.3946896
8319,14.157892065764779,28.170918,32.671623
3394,14.73263392989156,54.080624,58.574146
3327,6.2863634978371365,48.17246,52.65436
9859,15.80993591959876,3.0672684,0.77391016
6102,1.6582984830778522,56.935234,61.424995
2975,11.607285460450456,1.7733209,3.8892567
980,11.256781436520304,-3.6522186,-3.2193646
190,38.8497081445936,64.45851,68.95316
9331,43.00248378993818,26.166475,28.325062
5088,40.52713428770759,23.263031,21.964312
699,14.046394334584413,-1.5716742,-2.5147939
9637,39.69094519497152,17.653416,14.0764675
606,18.815677230883562,3.249836,3.0525753
301,14.499509798955811,1.1344944,0.70331156
3420,-4.630941576502425e-10,37.568546,42.077446
9682,46.66945950494237,23.857851,19.564358
1060,13.561047460555764,-1.22204,-1.2585869
3444,-1.7571960634176891e-09,36.998337,41.49574
1069,7.37389237948125,-2.5235069,-2.5069408
2205,17.674475385822813,-1.6843181,-3.2553763
9435,32.4969280983033,14.777271,14.275426
7339,17.284966000300916,39.65667,44.18168
8208,18.250113845994896,29.930435,34.411217
7679,28.748055571352946,42.040974,46.553497
4642,51.07546607064957,58.47278,63.01418
7683,25.794758186585575,38.71902,43.22716
9007,25.319043652721078,19.362972,23.72554
7996,20.660473043021188,37.769787,42.29321
5600,38.399906410877215,50.028908,54.54287
9151,24.348857673359504,14.131041,18.107216
7022,-8.630475279730824e-10,33.489376,37.982822
4893,20.514370184596373,7.1947055,10.00482
225,29.163789605479217,21.337969,25.519983
3354,11.517675777072373,52.943893,57.432014
5895,51.00343474345972,109.265656,113.754684
8754,0.00020088451154409652,2.3653808,5.0244894
3436,-4.713039597677873e-09,37.356678,41.865578
1693,-1.5704626383837983e-06,8.486393,12.478964
6893,39.590930790277,78.898224,83.38165
1045,20.26014242268607,2.061906,1.2798693
3446,-2.1476628624027867e-09,36.8885,41.388863
8050,19.648500881852666,30.940376,35.512882
9146,5.022552054367827,0.7729808,1.9566971
9858,17.882705968290804,5.676666,2.0971987
4735,29.301530131525553,32.959984,37.505745
4496,10.503277351342042,24.629768,29.149715
1218,7.454376927355346,-6.014421,-10.162775
6015,62.095382469614584,120.31145,124.825905
3987,18.778813782544034,45.89477,50.427773
4911,26.52713393109224,13.6865225,17.151932
9492,50.8588664793761,31.60982,30.270409
4493,20.941053490153422,35.181393,39.716423
6944,32.576515243211475,69.57093,74.077805
5699,15.215254615462028,27.772991,32.27939
8352,23.286848463008592,35.340496,39.90052
956,13.278122875721154,-3.056149,-3.0357265
2869,14.601016075474732,11.2382965,15.418789
4433,13.094489968002618,26.95164,31.481548
4973,23.45471173716883,13.698357,17.631844
2961,10.551691574846656,0.9375745,2.2951617
2200,13.409195726186072,-4.6075864,-5.5516605
98,37.0376959981765,65.67935,70.16368
9727,22.66293902168956,2.765689,2.915228
2557,35.42713307531956,67.82311,72.33403
8445,0.010629441975846166,14.036437,18.462297
4199,-3.2838117868383308e-09,22.505821,27.012604
5539,24.548631090613707,37.343822,41.85956
1648,-0.06409638796099865,13.375549,17.781351
6197,32.232037646216,96.56009,101.020905
6295,92.79733340259224,155.23953,159.72572
4499,14.543327930231303,28.239414,32.75016
1154,8.96793138112629,0.0997183,0.23765878
2255,48.62021499673653,28.802917,25.525726
3170,30.02380598211023,62.749043,67.2771
7400,8.542558233784042,28.782904,33.295456
7158,0.49001203921629044,28.328306,32.831154
3108,19.59439017767309,19.58453,24.045712
4548,48.29797388559187,59.67909,64.20188
5423,23.34694952167737,31.05707,35.582104
2049,13.729744401154335,4.013952,6.52234
9208,41.15122579167963,27.660011,31.087072
8815,9.016654677672944e-11,1.6263818,4.2491107
9675,28.718727236427632,7.5841928,4.854557
262,31.23791693363829,12.20881,10.554532
4061,15.979688159048253,42.092762,46.6091
5534,23.59216366462038,37.106617,41.65831
6616,39.76531187715977,92.12894,96.595566
8120,19.951478960207833,33.978462,38.4786
8155,14.694449155333958,27.65272,32.170265
1802,29.520798370552733,11.640548,10.738113
4736,37.972892583034785,41.434498,45.953033
2385,5.669165155587676,36.935993,41.40354
6694,24.821473293841073,79.928345,84.41353
5759,30.58019938157875,52.416496,56.953293
1959,19.080820482377984,1.4436918,-1.7006269
2976,11.215157679488074,1.5755379,3.6706204
8680,0.00035958076059053594,3.131074,6.0913477
1843,25.28676375347787,4.7231107,2.6349726
1734,1.3504703890498535e-06,4.0449886,6.582146
2911,20.829751760826596,13.626357,17.744806
8338,15.842574380880796,28.635983,33.11631
1986,59.15289173070805,42.18574,32.52739
9561,30.818744661492996,8.787586,6.7601686
6546,27.284350934552883,78.318634,82.79692
7098,0.33460368320256867,30.587845,35.085102
2811,12.46463521593199,8.749004,12.8096695
659,18.425963910487216,1.3403727,1.039746
2511,17.480649442562658,49.690544,54.22604
4282,9.55430581241771e-10,19.195637,23.66486
9339,26.58678910580153,10.57563,12.675911
8800,-8.021733923077692e-10,1.8257337,4.432909
6287,95.17263911509923,157.33325,161.80177
1930,33.604173894645,17.147831,6.5692644
7125,0.48604845202220126,29.658861,34.157356
197,35.62348149298367,59.733463,64.242744
7777,7.646253978756557,20.871372,25.389137
2931,14.132076751316891,4.209519,7.0759087
8004,19.871402461744218,34.75098,39.269474
2327,91.55711065151961,74.12635,72.81592
4389,19.408036337699542,35.06875,39.587193
8958,39.80709834969194,33.22713,37.576942
4218,3.5458668088576925e-09,21.87929,26.400787
202,33.87984669758727,58.25981,62.774208
3510,-3.3650785543160575e-10,34.18947,38.69798
4931,23.923230682780073,14.136275,18.123653
5535,27.019409402944344,40.454865,44.984253
5791,22.519018821483566,62.182358,66.67856
1707,-3.1450832629993776e-06,7.5307364,11.322938
5172,21.495888070871917,33.667667,38.128017
5249,27.458507088456802,61.810318,66.34077
6528,42.86660656193164,84.1027,88.57498
9726,41.264570265697074,19.403303,18.720947
5855,3.0409737098292347,53.891457,58.373413
8164,15.950536728568663,28.70822,33.231625
854,-4.961500966984607e-07,-11.267828,-13.309303
4737,36.796053165035055,40.108345,44.610065
698,6.816450215403651,-6.5160446,-6.3414936
3696,10.672940606464492,39.056522,43.587936
1636,-0.22430693078471953,16.500126,20.926311
7280,0.6264251239377996,25.074501,29.564417
7554,6.5034613420430265,22.988646,27.498644
3581,2.167317301590521e-09,31.930265,36.446663
1291,20.537467545989585,6.902892,-1.9862411
6585,27.468522058476417,79.17938,83.6599
1853,17.294659999982446,0.24324976,-2.1443598
5232,7.832214885091294,6.419071,10.2976055
3763,21.81495842866921,52.370243,56.910576
3304,14.057161816379104,57.952007,62.454533
1495,16.697617172120893,26.180708,30.695889
7994,10.02520436612124,22.442421,26.912756
1998,36.404129823983375,20.102795,7.05233
663,13.771634276148683,-0.24995072,-0.34927928
3748,8.326030158052612,38.749687,43.249325
4413,10.812212486209622,27.342634,31.86425
5530,14.838818911995844,28.306213,32.827156
5575,32.56928308817376,44.882412,49.44786
8901,18.985672242546226,15.311863,19.673706
7526,7.500755745160221,24.6867,29.146826
9474,30.462604891660916,11.975536,10.760056
5864,3.0586978726308116,53.949146,58.459793
6776,35.35581219507049,83.09296,87.592316
1306,15.16162521728564,2.5675476,-4.775951
7392,13.619173728861982,34.049515,38.591446
5592,33.91553540178525,46.01264,50.54275
9721,35.116676520728404,12.214299,9.805471
1663,-0.2561859075030946,9.203966,13.27092
5450,18.499490353788406,46.525436,51.006737
9831,20.73236930870403,8.2618065,3.1824818
3627,13.98532927115003,44.973545,49.464153
2693,18.532380783263076,50.946518,55.44615
5915,69.87627779086935,128.31485,132.79721
3157,-0.5047874303392543,-1.1369456,0.26844305
6668,34.11470521035834,91.944046,96.41899
1059,22.07785869138767,2.8943741,1.7458527
4636,34.371249125083075,41.201332,45.71094
3242,49.293574500042055,86.12543,90.62407
1678,0.1679366792399199,9.301386,13.333284
6892,29.589050883442972,68.94258,73.43527
6374,101.42830747905187,165.05731,169.54109
7574,7.933150673772813,24.474524,28.948591
1757,28.65658960617707,31.095497,35.65032
6019,65.31485977600008,123.734604,128.20494
5116,43.29844433088677,62.76963,67.278984
8755,1.1791073013813046e-09,2.3052769,5.06703
7408,22.73891330486835,42.997993,47.536766
2790,28.894541493832104,19.530577,23.614523
863,1.1763460981466123e-06,-10.618679,-12.3154125
7858,6.638693057176822,18.216393,22.693148
1484,17.460756911259292,26.894127,31.384678
7035,0.37222200796192684,32.9132,37.406918
7721,14.784103617526466,28.745863,33.304317
5977,31.40781509892628,96.62398,101.11367
5134,30.964925492964728,43.72011,48.281006
206,31.13138313936506,55.543564,60.095505
4488,7.3877724726023075,21.21098,25.680344
6938,34.999655054167825,72.26905,76.760704
9062,5.199580304872157,1.6912494,3.436086
6910,40.469418570208084,78.95217,83.446686
502,21.037532076264284,8.420159,0.48491687
7385,20.556619055247978,41.098804,45.61812
1028,18.303083941835805,0.6350496,0.51921797
3840,27.46993521897744,56.3405,60.853214
8110,13.550277402376643,26.809967,31.351593
5056,27.43663231096287,15.842391,19.548239
9762,24.423892338611715,4.205151,2.3161612
8154,7.024573899997772,20.536024,25.031536
2731,30.330021819164926,62.46872,66.95552
8996,23.2891818663026,16.748188,21.07298
2454,21.8990463960641,55.011692,59.536316
7215,0.4742714909776566,26.101547,30.626955
3104,15.079669227297337,15.573573,20.036013
8392,6.761931073012551,20.813515,25.26541
6278,65.70884555651058,127.52084,132.00491
3099,9.615868615838243,6.8163037,10.64548
6184,28.124355603759767,92.49734,96.972015
3561,-2.1629349164981703e-09,32.460297,36.993645
5892,69.8400149258772,128.0759,132.5569
391,26.126433415376663,31.018902,35.515675
6736,24.840929123241065,76.31103,80.78492
5618,26.78341821644434,38.12999,42.64534
5258,24.717935354599977,59.01181,63.538445
9687,45.37089603221168,23.801233,21.173916
2695,20.961958147544895,53.35266,57.870144
2027,13.304634659848531,1.3216673,0.7402034
5463,25.179318650155615,40.709896,45.2245
2568,20.4165460837941,53.529922,58.01022
8006,13.282055523288898,25.35976,29.856544
64,21.007327810279023,7.675956,10.480794
2062,18.704870092344375,8.041608,11.111827
5276,28.59639418979704,62.78343,67.31988
7208,0.4814633842279423,26.35752,30.834633
8684,0.00035777679747367864,3.0879765,6.0444875
8571,0.0005457329089494877,4.2360554,7.6140594
6331,87.2822903440027,150.90114,155.37909
4859,19.719076169066444,4.7467,6.7093253
4887,29.215118595640824,15.11695,18.429577
9268,32.819848477140575,17.687794,20.520237
878,-5.301962094152216e-07,-11.527844,-9.676282
8529,0.0004113865030165361,3.8655005,7.0244246
7916,1.8601919002530471,19.119223,23.587809
6863,34.09781022342511,75.03668,79.54686
7892,2.3115805945716765,17.396465,21.840607
6439,18.58847578346216,98.00969,102.489845
7869,0.7827254184457594,19.560764,24.036297
1016,16.890007246786148,0.1914882,0.015981032
9467,36.09980804480779,16.968668,16.352896
7629,23.42960987918877,38.32825,42.85757
995,19.488896959932653,0.886937,0.90936893
4297,3.4673387303372644e-09,19.176003,23.711443
161,31.476636116796577,55.853302,60.382896
5675,16.156563129298704,26.85926,31.382553
6873,37.38425108261111,77.72613,82.247505
9692,30.00185808858484,9.108743,6.184804
7989,21.465223919569677,35.79921,40.326267
3843,17.040316132121337,45.89169,50.39236
1021,18.360737789755547,0.6018611,0.10457288
3073,19.166325502117544,12.5487175,16.76336
7555,7.524479263738549,24.012888,28.521614
3943,45.29015388061785,30.569792,33.82798
1585,1.388767582248396,14.3056755,18.742544
3152,-0.23060578853693497,-1.1230887,0.18100256
8226,14.802825393469492,25.8795,30.38792
775,-0.0005007445670747496,-2.4653308,-2.766129
9670,32.39420501952114,10.529217,7.4458494
7099,0.32911191880920626,30.551838,35.05683
5486,31.32089568939837,46.773315,51.30625
6235,6.821279664820087,62.69215,67.17153
9555,27.741983931477172,6.4067965,5.1558666
7041,0.32730637771545973,32.671116,37.150955
2612,25.553758126331036,58.475346,62.977127
7513,8.131906265636953,25.809755,30.329344
8433,0.012329937552808307,15.12574,19.544685
8792,4.799175250436343e-09,1.9424269,4.551894
5393,20.754379989053135,27.141434,31.648493
8838,3.83812649822501e-09,1.2683034,3.9358768
3890,56.57449223463834,47.983746,52.353127
3556,2.109755631320157e-11,32.616978,37.151443
1528,7.017092726886839,20.267986,24.739561
1267,1.4823487233049994,-14.900446,-15.141038
7734,7.2475436764348125,20.204113,24.692038
1899,22.97157924017757,2.9454637,1.6261185
4658,54.09789303382661,61.59559,66.092514
3005,20.06403212672266,6.3867407,8.981392
2734,23.20435957872896,55.32617,59.8156
189,29.98034160458191,55.643215,60.168568
9167,26.556836895228795,15.46989,19.191938
2747,24.513850641892393,56.516857,61.028778
2047,27.824509838686424,22.035791,26.378744
7849,7.089614486801258,18.921728,23.393381
2558,18.14239194317559,51.164303,55.684086
9274,38.09444255362485,23.035784,25.890654
8666,0.0003665645709677935,3.2620783,6.2847757
6396,87.43897976824226,152.15532,156.63298
3385,11.944658966318315,51.749275,56.23533
4555,43.131350377921585,54.202694,58.74248
1184,18.615184784241404,5.8908033,-2.452067
6420,46.066248588892414,125.3131,129.78996
5051,32.85548077397972,21.861649,25.672909
5311,9.599204566982769,11.194877,15.522049
2433,27.533298881597894,60.401974,64.88649
6949,25.252571389369205,62.032127,66.5456
769,0.00024074007805455783,-2.4315007,-2.7822206
1685,2.7286054320341018e-06,9.413618,13.527634
8322,8.366449840829901,22.182524,26.668043
5578,27.352220416544807,39.62729,44.180664
4426,20.49147154088788,34.690964,39.23289
466,34.61154382023827,20.227816,23.41111
6265,102.07514451876422,163.36572,167.8494
5734,41.08759516832882,55.24576,59.767677
5191,19.074764495276174,30.763199,35.274857
5390,13.709407381797734,19.779305,24.257784
860,-9.538514976500245e-07,-10.138888,-11.726671
7270,0.5839241283537546,25.20542,29.690886
